Yaw,Pitch,Roll,IMU_Yaw,IMU_Pitch,IMU_Roll
-12.260466237115118,0.8565145083215717,3.2374854448423136,-12.438217309389785,0.749377695734374,2.970179350609968
-12.258352245917116,0.8612236106766245,3.2351879378649686,-12.444360406411798,0.7446121138018084,2.9691494356159267
-12.261794626007234,0.8607266304485494,3.2331667818310077,-12.446220843098663,0.7439421532904273,2.971440236770541
-12.259368337442144,0.8611844790911726,3.234660496791518,-12.442119944795705,0.7462644316358265,2.9711936931665908
-12.26114389870928,0.8628511101443245,3.2336886445616098,-12.44273940348514,0.7514545222669538,2.9716399353467007
-12.260704940155382,0.8578645184557676,3.236845496844085,-12.439132520347382,0.7530394020186875,2.9733183780867893
-12.26094787689047,0.8589908862185976,3.23577159743714,-12.442068815344115,0.7549621838781521,2.972176488138311
-12.262779816125189,0.8581326818134999,3.2371516688971744,-12.44002322655178,0.7518331443262183,2.968960531308258
-12.262342206679012,0.8581795387774626,3.2364608317243437,-12.440729068372782,0.753811665981558,2.9685401960174285
-12.263855469835217,0.8568689282417463,3.236140998993408,-12.442266128888193,0.7488044095114099,2.9695361590397877
-12.975099406530607,0.7155737350172762,3.3446013616169212,-12.440854591297143,0.7480874979246237,2.9657959504937668
-12.653113178792168,0.7439662085860302,3.192994491512404,-12.44234232482862,0.7461403723087041,2.9670743854175567
-12.736536936894218,0.7446713335398218,3.231283112933907,-12.425904227654668,0.752006733191513,2.9515202493952972
-12.399908829256425,0.7886460231318603,3.213148894639887,-12.426800248466753,0.7522366523426716,2.953202001741752
-12.775632633381408,0.9737973597865763,3.3089378760758206,-12.42803726914635,0.7573157537193347,2.95580004955284
-12.439838356101639,0.7370734356003558,3.3769045364445556,-12.432027750985943,0.7557607921769952,2.957662078696032
-12.923741039558221,0.947197959857946,3.308783140355347,-12.43117538160171,0.7528561075766003,2.956876866289471
-12.508858628576807,0.6951513061409899,3.211427105374997,-12.429992371124305,0.7464787109452115,2.9578247180411257
-12.367245219599674,0.6901197165267019,3.272155638941397,-12.428715752982155,0.7462903275104975,2.9532874668594995
-12.838355095710304,0.6821674785065662,3.2197819205428053,-12.425638667635255,0.7489604751245035,2.953268577118056
-12.581948310469913,0.7853449125715312,3.208676517154701,-12.420958534256831,0.752068535024309,2.9536158207563648
-12.644455953976005,0.7428641090064063,3.201785371008875,-12.423648653852624,0.7474751785970201,2.955008324876443
-12.491434985311482,0.8516945235708934,3.1587698963080326,-12.421794038550559,0.7477640233454926,2.956749407191229
-12.707979134507916,0.738305589377947,3.1770568281518834,-12.417361400961559,0.7495418472844327,2.9514408529153213
-12.825449418786688,0.8168302011778921,3.3880237231129717,-12.41492830198124,0.7437149498277548,2.952958963360963
-12.490841730338042,0.814150315298116,3.201317001140784,-12.415136549742039,0.7413173773980246,2.9516682673919554
-12.821856856513563,0.8973885066867849,3.3977234879787335,-12.412153240929195,0.7420873729905685,2.952811451949423
-12.337634102467335,0.9174767490916181,3.39363922695829,-12.41684112361656,0.740767110465241,2.944852829434753
-12.789034546166196,0.7236210168712252,3.245272301550864,-12.422618464061474,0.7389832465875686,2.9409078788495884
-12.544121043722939,0.7620677121904748,3.1736751105198855,-12.427039164751765,0.7359647066001959,2.9430366813863253
-12.653668177921162,0.7095318853247076,3.1849703762361226,-12.423756373127466,0.7365955178040872,2.941540546293256
-12.615819164465693,0.8293065757048907,3.4105731186198205,-12.420805453084297,0.7425645564680183,2.9401917645395828
-12.623216016478354,0.7674950535534761,3.191293061645174,-12.414680630756274,0.7418932684459614,2.938785148817739
-12.934569981500992,0.9537576147795287,3.377434317715321,-12.415322652675817,0.7382835517509948,2.9374543844792225
-12.587939400112255,0.7797848240545185,3.2452517197381052,-12.42030341834495,0.7421885950957677,2.931779259198653
-12.719160524479733,0.7022585159640247,3.1824789158710427,-12.418802931439231,0.7352208296143282,2.930609519074109
-12.373642047187577,0.843537024996096,3.1911191246636927,-12.422742972932676,0.7340566601232592,2.931312657890982
-12.61526848608806,0.6752293835367008,3.251821018872527,-12.426410540994867,0.736679203832618,2.9302585672912054
-12.547821152456878,0.7509095338158228,3.197517417748446,-12.423877555787252,0.7364200169870339,2.9367380779356607
-12.51275778315644,0.6408993149355129,3.249438344203563,-12.422358649506556,0.7419751697477962,2.9295309300682484
-12.49689641858775,0.7952766140219573,3.3561439614160378,-12.425835530953266,0.7397531981294684,2.930410071113673
-12.826359078280362,1.0551632882164266,3.479686627072548,-12.429223661237796,0.739798466382539,2.928958553191557
-12.4274686556709,0.7873799390040583,3.2377101333983167,-12.430783996991519,0.7425974572463182,2.9234490568991447
-12.908332525542317,1.1463819265829753,3.384123334738125,-12.425196317334514,0.7382811273463704,2.9264153717906773
-12.545149657354758,0.8018804274438831,3.226808804441263,-12.432378531939436,0.7379094439430248,2.930447309500208
-12.787192818572096,0.9972398274866545,3.4405321046085233,-12.433377385967749,0.7323473548686058,2.935565340259099
-12.73594681567923,0.6942991680641827,3.188898700333599,-12.434671122786908,0.7284668721724894,2.9341060506060397
-12.880216905111817,1.0047992612621812,3.3233747901002038,-12.431972795881764,0.7307981299887157,2.9340904152281726
-12.737750175043933,0.8753532581932998,3.325842940319865,-12.426159776614199,0.7347737451087087,2.9377766781019616
-13.006409545150998,0.762323324860739,3.205837286725745,-12.424919274693124,0.7342647307750532,2.9402716698508766
-11.616636466819287,1.19940741420427,3.398969599715794,-12.426091235763268,0.7342175697586505,2.9401114890524687
-12.310787487128293,0.9968434880099715,3.425115749084274,-12.429457448718887,0.7298193414902807,2.944015086284885
-12.306521235150408,0.9920327646422614,3.410445077343656,-12.4310063402221,0.7306685287007809,2.938110071834675
-12.745638348395433,0.6855647866370215,3.191617448722982,-12.429889276483385,0.735346654844886,2.9413158208715435
-13.012898496418744,0.7846864781161773,3.2933634271742545,-12.43097460329577,0.7447095648362569,2.9394404530448286
-12.467599949302679,0.7625011140460471,3.242338805844044,-12.427194315215047,0.7469363558241104,2.9391198498321556
-12.892157755591976,0.936368776282645,3.329832309250487,-12.430048912990008,0.7429417569841185,2.942757021282063
-12.443930442822339,0.8549515766055265,3.3003753640386835,-12.424587838253435,0.7463429203865404,2.941488419947902
-12.841737477449211,0.9363189619059542,3.4328945493216927,-12.4262278814958,0.7440345747607352,2.9410121678690095
-12.478599633439273,0.7761181025381527,3.4043060896964747,-12.419941965774276,0.7443315243694811,2.9410569089078185
-12.637009417239117,0.8764539971060085,3.526656422516882,-12.419454132933195,0.7423800277816753,2.939321800314633
-12.996775351152477,0.955653701580279,3.4079167678973605,-12.420052651378903,0.7403428616364058,2.938303380808551
-12.339343123199873,0.854528026848196,3.2042609454307556,-12.415219548423812,0.7439027461384229,2.939651579933523
-12.58169474108346,0.6872218931192695,3.2119633321191623,-12.417510875576191,0.7401736377242937,2.9500140430419814
-12.67832273763749,1.1109830568079009,3.3037536520010775,-12.420637402867452,0.7354088629544727,2.9486090390726947
-12.513951198985831,0.8333941242215347,3.192638361323088,-12.417561673944567,0.7347785545368766,2.949230569093785
-12.15669348250823,0.7797489087140754,3.3044017949907833,-12.41662334907307,0.7354106021133237,2.952797969132108
-10.088423666036256,1.068995917047632,3.371266296474182,-12.416175304138887,0.7345167811431991,2.951673419352425
-12.370903668507124,0.8689836337277551,3.1961946503316265,-12.41948082430533,0.7391104369841527,2.9520288710052243
-12.89168454168365,0.7072811200036955,3.225101961923272,-12.417817299388826,0.7331292902962091,2.9525472738072747
-13.512672415719193,0.564805798822435,3.5340677723478966,-12.419716497478314,0.7334206625611459,2.9514822723693444
-12.733125473572855,0.7407495905001559,3.21187239070493,-12.42886823138168,0.7284665188665266,2.953456467245466
-10.76996907336148,1.167796862352102,3.348461119837915,-12.427402700301935,0.7273157250108103,2.9507175365880625
-11.135022366775575,1.1922139557651417,3.2720220814870493,-12.425393495457714,0.726561200360602,2.944509599307674
-11.235461431692531,1.0520243286269948,3.1642671106071654,-12.422256373973841,0.7227097348377762,2.9538975618889505
-11.771004236286476,0.9338966420056022,3.102815932973212,-12.416016617368626,0.7209061807323107,2.958319530643154
-12.957244644769482,0.5962995409906449,3.0787625799782106,-12.419687354812767,0.721726584123942,2.95517647540638
-12.448058063528089,0.8908891555493134,3.3769086210251413,-12.415119076144299,0.7197037564191978,2.955114926525157
-12.072298476205988,0.9760566409590995,3.1898187939117495,-12.418546152674619,0.7202009899534032,2.9542848430005093
-12.533072436181515,0.8239388740558641,3.0853159314742666,-12.41894624692073,0.7178093248528545,2.9532747282583083
-12.641747458685426,0.8730840401935631,3.1127015116011334,-12.423665712026521,0.7183785004859954,2.954989090786452
-12.559697264193893,0.9519583885114195,3.1099099530945122,-12.425574832459066,0.7190783871231713,2.9601996681564993
-12.128319584454594,1.056733297376767,3.2835240846915483,-12.426735280472526,0.7181231712404549,2.9599635269935614
-12.66278340172327,0.9468937805052908,3.127795850837663,-12.4325121149821,0.7209068345781344,2.964674653377602
-12.645042020495177,0.8716202839574186,3.141787090616025,-12.433254748225846,0.7213294908339809,2.9641412470834627
-12.714090762312447,0.8474639788178578,3.108408917367496,-12.433307000823024,0.720603498434697,2.9647249694039544
-12.548934300211428,0.8243716826255623,3.0969044656389104,-12.435713669912628,0.7219492480754947,2.9642623910752013
-12.459432528908621,0.9910583710927312,3.1523068054077843,-12.433111391281905,0.7344976473202933,2.960624028429735
-12.166446345135617,1.067440397971041,3.1462265962241003,-12.435831274834104,0.7344274687554582,2.963738600187287
-12.560628023543385,0.8054851498588794,3.05979987147143,-12.43615757490814,0.7357894551266453,2.966269007104075
-12.360220158156837,0.814975465902258,3.104172370787077,-12.44422250927589,0.734377322672015,2.966783943675709
-12.431591554695872,0.8754546122310496,3.122995688374218,-12.441757502207611,0.7380369359631102,2.965549070096493
-12.645258426377033,0.9292642632082365,3.1181520676702785,-12.441587220064857,0.7373014001162794,2.9649713702837404
-12.091981130567287,1.0710830410512202,3.2215251511628757,-12.43510209745393,0.7422181332273254,2.955569679750375
-12.650691703967663,0.8463253303265273,3.133765330969741,-12.438669950899786,0.7396077245703836,2.961163760155427
-12.657766954047862,0.8059109339864451,3.089696734892342,-12.439340762406598,0.7421558438682813,2.962464424817999
-12.213405230696806,0.9883404011275774,3.1742072917462103,-12.435763873199635,0.7438704464548189,2.9619281326084503
-12.106231421299556,0.9269515692495937,3.1630055143751266,-12.4358758796632,0.753433079619109,2.9590081592543553
-12.586769050911094,0.7995337465360284,3.1317136563136305,-12.401365811294411,0.7919553521457822,2.9439555182923547
-12.442689461650833,0.868668067667163,3.1462156655339197,-12.321963534299487,0.8561252221905917,2.928529671026538
-12.612800030916269,0.7747067359934933,3.0981418236759564,-11.618610137815182,1.1380114902432976,2.8971913017193494
-12.514180962301596,1.0176493780265103,3.105676477614304,-9.952301698784858,1.5733964345162714,2.9848856913067436
-12.51311997049187,0.87954255995434,3.108143933891445,-9.3482975614192,1.756471075951717,3.0338309813935007
-12.693173400773667,1.0042712569212189,3.3342541349456054,-8.969814132795287,1.8246306729706527,3.094291045453083
-12.144924420759873,0.9704977258302329,3.1989558318408426,-8.930657180060134,1.8234923106434195,3.0799651595505364
-12.530247326786155,0.9095285148789148,3.1428181939153252,-8.957285346929451,1.8213859694344097,3.07786413926668
-12.692881745245591,0.8528062852062278,3.1234489161214207,-9.046870727754273,1.8383565096017156,3.1209504618925665
-12.621727397261287,0.7930221520531003,3.143766908904018,-9.00002315931854,1.8420249380329778,3.1922995577959146
-12.705108010640805,0.9834734505813907,3.110098705255206,-8.941943107494852,1.839871220528503,3.186818127815273
-12.200715863326067,0.7807232903775421,3.0370161320115647,-8.840165214576123,1.8409820905036403,3.1299001101516244
-12.837615905866327,0.9070717386326844,3.1153514013994217,-8.832821196250391,1.8456774051671763,3.150349552715341
-12.351521183033475,1.0741796131218309,3.0997743719863937,-8.851079623055064,1.8470281178877208,3.1520791721505197
-12.03935356838458,0.9932162874960713,3.142559921513926,-8.863707047525123,1.8480652828621416,3.14833788126518
-12.51035236768012,0.8569232419216335,3.1249794604791714,-8.87106291671391,1.848413741203444,3.1680191977277437
-12.334337691068534,0.9127902075907415,3.148317406255019,-8.838676372382384,1.8545319546172057,3.1447692252956987
-12.6798229945897,0.8070184409645338,3.078178976268736,-8.82723405755137,1.8568959508805338,3.140208346490694
-12.454757786169264,0.8155001263440032,3.10192465779788,-8.82078947979737,1.849221388169789,3.1463808239458344
-12.400826969972202,0.8329351234602415,3.121744145373872,-8.83648710887234,1.8530475894785208,3.1446363080625823
-12.589580802468577,0.8107509032531682,3.0745866225256577,-8.848785419273291,1.8526514110330032,3.149091068313964
-12.684442210186338,1.1194179170063598,3.3713594313387962,-8.845794270885499,1.8578442172606475,3.148613568412759
-11.857638494920034,1.022095738808059,3.2299702139424156,-8.829332379843358,1.860948037904509,3.1396620458643474
-7.119675873284211,-1.8396410159269638,3.4790311459345054,-8.817515519466872,1.8625420517734756,3.1328524051174456
-4.112031972002132,0.8672479045993952,3.4373819610517913,-8.815694130762852,1.8657030825433627,3.1397867575214566
-5.097233700484405,1.0287182140397086,3.2659135103032515,-8.823665596797404,1.8675752501935654,3.141835597890545
-5.440243474349324,-0.6437359926537584,3.7151400556438396,-8.82973451650702,1.8708184920527384,3.1471277604695174
-6.2657712748715255,-0.4784171967470982,3.655340782548657,-8.82471937479492,1.8709231391101429,3.1456816881947574
-4.610960196477925,-0.4982764306599882,4.775321847846565,-8.812344282218813,1.8729749888387144,3.1453246749036303
-8.725517902976796,-0.4335959469208999,3.090812656968885,-8.810846178776115,1.869855513924684,3.1513028575412108
-4.590480880411889,0.5927323510220218,2.6834377574860473,-8.81367523233801,1.8725103733133177,3.149460667043634
-3.6019165685138717,2.3123677398607616,4.296814485387761,-8.82766840567381,1.8679059533680311,3.152232116554823
-3.909448892725448,1.7640873879119703,0.507524580563768,-8.833591728939453,1.8710061815217174,3.153293565700594
-2.1758582708315717,-0.855426000860979,-13.937824843612301,-8.830212096665697,1.8739681729620505,3.1510948835475956
-5.802235853714893,1.0419919567728144,-5.768598161295558,-8.817427665995579,1.8763240973540984,3.142720956874558
-5.558356111565803,0.7840555956277607,-7.903084830228563,-8.807734553345009,1.8770378439729314,3.139920980585762
-10.106970410878219,3.2593451659321393,5.511948702754899,-8.812862303367774,1.8799058126060895,3.1412901141974743
-9.449726416593968,3.3905859508394074,7.007614484648798,-8.814693079632816,1.8858227375242105,3.148597917802076
-4.4632786097086745,0.16106105021389722,-10.6315196366347,-8.812669825055137,1.8897998483444558,3.143293917702581
-9.926780651670448,3.1247269042470207,4.682896909335951,-8.797194294909529,1.8911665890022542,3.1384477544901914
-9.347457867135528,3.0819431904480754,6.7587158892891965,-8.791266438487716,1.892174197727673,3.1346024488384323
-8.21732604561701,1.998098652685164,0.8265543278137698,-8.786230149519303,1.8962153661970989,3.1302310476985142
-9.927605440152306,3.2936699147685076,5.174731796109167,-8.802770877693623,1.8933944423294924,3.137453340743984
-9.465623072528077,3.3994267328709284,6.658997892014728,-8.808829741011483,1.894981671499732,3.1331225957940156
-9.701434868604169,2.88274201049199,5.8239269888987515,-8.807201242932877,1.9002688326993418,3.133217179665763
-10.198486645722856,3.2119465293419815,5.450559909316536,-8.795143574129611,1.8945945673990032,3.1224971388178258
-6.769923939264166,0.5774683924437343,-1.5028444599645785,-8.794221836288814,1.8944931023219829,3.120188733669126
-8.915106926412891,0.024222747840426426,2.600497458266322,-8.800966547492605,1.8983862130890734,3.1215213180954073
-9.370036697070823,0.018589020393810385,2.7605517271427393,-8.804278457680585,1.8985389261418926,3.124092938368117
-7.458694293136857,1.0191167130607326,2.4237799490754077,-8.799896759164168,1.9042273301265566,3.1206095407482244
-2.4342939652249567,1.3885380566513508,3.136917152680771,-8.79733838544249,1.902703215809271,3.1229925701449672
-5.649876673423484,0.44271283269590334,2.913168364870835,-8.789982744917065,1.9035087730970446,3.11625862512192
-11.15700791603632,-0.6626529390477396,2.8983380627085706,-8.78476968100664,1.9031556024885457,3.1137486705083623
-11.471962439829351,0.46705287474573376,2.8981132919437886,-8.782275232278906,1.9072076720871523,3.1084539283019472
-9.780611179638369,0.8459808557183958,1.5751211779886318,-8.779336963844035,1.9215118485556948,3.1158644870772507
-6.467790537844995,0.5716123622175235,2.367744662754442,-8.774382546501236,1.929735861337097,3.1360793926080963
-6.323852560203874,-0.05416198512655949,2.835439916259234,-8.773053652738355,1.9310082526784778,3.139677963476867
-5.935801097443042,0.5276000615382053,3.206339367469578,-8.76436459507625,1.9552750732382498,3.1354125484785347
-6.370336165838906,0.9437647347217345,2.9326020398525037,-8.603878274240571,2.157165535363869,3.1053214179667936
-11.123925369028512,0.7124485153397454,2.9631594149450127,-8.28997965330748,2.810177482259431,3.076970919102706
-9.937378768441269,1.729386123607674,3.6338667275362395,-7.936532082017624,3.328788382759083,3.0874127259573827
-9.827479800980932,1.5397073417700198,3.770787062934146,-6.824148942291805,4.346220982341576,3.1655501794451335
-2.7947199125406152,3.778591435077077,2.74145369480755,-5.559319756816745,5.545262981265002,3.345992179740279
-3.122208486115014,4.759036868510989,2.3737646042847382,-5.039158290938243,6.322950898144559,3.416613779419423
-3.3174486225215563,7.098042495009085,3.7449185223342387,-4.485532071060408,8.191098790729178,3.3982705828915947
-4.131998085334434,8.025945050612885,3.7016268934653414,-3.946709142494006,9.716328054904315,3.418933971243647
-3.5253310013345867,9.244596048131044,3.742828679689236,-3.7819808891156685,10.371480468351908,3.459427413183788
-3.3479829053914543,11.607893189150326,3.5294720622090354,-3.7206297535668416,11.645464074344057,3.49753300338999
-2.8946598662814287,11.533778832129014,3.533568555196071,-3.6427647449410236,13.13033931592352,3.4713814433657233
-3.0815903761795496,13.492846270288442,3.1282981880047673,-3.6501484790942076,14.016699661623381,3.4587807118964893
-3.0063981170473495,14.654086671694197,3.7594974035429423,-3.607166337000888,15.725389447902822,3.455193827759047
-3.2985792243944054,15.480618868076988,3.808450149618679,-3.43328380143726,16.948491578762496,3.5248701170284593
-3.3248672433035447,15.146905467320732,3.68457165258137,-3.348577435847194,17.89214154564479,3.5069840003795942
-3.08349949256787,13.78231625837024,3.7797889775541593,-3.157543924370927,18.02468968864744,3.501000358928266
-3.4243745569673973,15.118541522373354,3.62792393074044,-3.024636188328641,17.992846923807967,3.497356528241234
-3.2827061358019898,14.505209341782711,3.5652503538559346,-3.0044010985430956,18.026286290622174,3.498892946499917
-3.345475806897564,15.532337986974811,3.2225358141979803,-3.0072876104890227,18.02987792677485,3.4992742661187353
-4.1452417889800435,17.387991865544237,3.7666151322319372,-3.012403723749272,18.034498690731553,3.496463351753585
-3.4496029684554887,19.83146678895053,4.477506303787202,-3.0053678230763845,18.038883826441023,3.495937004224952
-3.1072506768688255,19.56117295776054,5.464587414870791,-2.9992454481760453,18.040590732802308,3.500292884911777
-2.8259243644354557,19.281157964031497,5.57186269231673,-2.9924384956234777,18.0518476276587,3.499125120243346
-3.065425418316874,18.76416501189513,4.908017879156015,-2.970279161390085,18.01960240402724,3.5116726934942295
-3.222478817240581,16.677791908664357,4.4279288257856875,-2.918199755390661,17.94001005796037,3.5144746688349198
-2.7958551401540364,15.046238408601651,3.9253234616128365,-2.836632492451808,17.372249662982654,3.4533999940023112
-4.752071582577235,6.827017066871907,4.283004227212384,-2.8375671815159347,14.508450288216272,3.25220732773497
-7.747417226528743,1.7399093719406062,2.715777600257773,-2.8725917657239366,11.848325320981534,3.1669949823234207
-1.7535167209992921,4.798580256963784,3.6441242761197072,-2.858379326688713,6.489528131408644,3.1693350801630102
-1.473870578357596,4.711179344494254,3.095456460103664,-2.9396330301993725,4.033720230753828,3.140991007222341
-2.361830054315746,5.09092094439494,3.6124431806195543,-2.9352385879055936,3.9294156355362606,3.1887367275707654
-2.3874424179914624,5.545834859907474,3.6659119415303043,-2.9397691192705353,3.8534386173363853,3.23237291870343
-0.7555175424378423,3.301760434822051,3.027868166987118,-2.8865066723747894,3.895709088313919,3.215735567473591
-1.6613790846425565,4.549777899061074,3.1892862686324115,-2.8461070699181876,3.9360701132248628,3.1856251460686993
-2.3770112194210515,4.5166403700780275,3.7273877076794735,-2.8440671843283476,3.9632593096748785,3.19966647788814
-1.730195707664277,4.536185369556818,3.299410786367023,-2.8767117615698945,3.9486468695751746,3.2081762006952355
-2.25271438327927,3.6636069944527074,3.4008717439079494,-2.8715369433942346,3.466720972339326,3.1992832224351533
-3.1768707998938464,3.5790825757649642,3.467198258261066,-2.8177364317408307,1.2872061707636924,3.199956621064028
-4.692973862194549,-1.5153189646666676,3.489177732754083,-2.7770272353717513,-0.25302939121097606,3.217675952253055
-3.1617663269099943,-2.768292697978432,3.19475944518906,-2.6906077259756747,-3.670811476640292,3.2217145278573303
-2.834317302084956,-5.074917405585649,4.839240787426882,-2.66379208754879,-6.323730042978052,3.2301702331038884
-2.47274722694335,-7.5157471549865775,4.970411339154966,-2.663358525113465,-7.113511172314914,3.222748590089989
-3.9532786027974534,-9.612578925899966,5.023619335490652,-2.7349308161050416,-7.776510554026332,3.108344914090311
-7.06574236399206,-9.7474278320474,4.854089205162691,-2.919820152590235,-8.488706344373353,3.02243509025841
-7.488139113237837,-10.28545299555176,-1.6515016164516336,-2.8815308661548857,-9.504644732151027,3.0668024954273263
-1.0859819576083345,-9.381736072134697,-9.276497322269327,-2.9702922657712083,-12.579511822092492,3.1944441625252384
0.222930674488927,-11.18400245045541,-8.613429172472172,-2.8356119683629815,-15.5801280029566,3.2185189250092
-0.19841718357178656,-12.659838530443327,3.000767099795824,-2.782166618229796,-16.55409621807879,3.1719347936175026
-0.11718490917554916,-12.518519161690794,-1.192878825333164,-2.681162024468854,-17.564790578483354,3.126288916108803
-0.615426033501402,-13.360008096749931,-0.027110706095226568,-2.595400707367085,-17.902306216140538,3.1621265523233375
-0.3254808765394614,-13.533125498687095,-4.343438942288486,-2.6253448512698214,-17.957225421792206,3.1541137073934666
-8.453790089233895,-15.562239768662076,-0.8606664749324232,-2.670052197883858,-17.948530581708315,3.1698027761678276
-6.063754384315764,-16.10203035280658,-3.2070590211355836,-2.74443490111018,-17.95159190877897,3.2358977111665603
-1.0797829644763484,-16.039600580395714,-3.46592287984244,-2.754189961170109,-17.960292674600748,3.231106260787757
-0.15382110043750816,-15.724904007785339,-4.811412108068294,-2.7399172911130654,-17.96304164646899,3.2166957848006312
1.9581551857193147,-12.710856384004408,0.8730861772395544,-2.719063499244083,-17.962030742403904,3.2123254468808216
3.163933101408964,-9.19785417444317,-9.189302852037144,-2.6986712935829575,-17.89140938901632,3.19653953965013
-0.6517995174560558,-12.11643411802483,7.012368447614757,-2.657485916265091,-17.699825303737782,3.1936654254745194
-3.2101085332790067,-16.085303768816914,4.807428285263037,-2.7026929439278993,-17.3596100452318,3.2694296301846446
-2.8650493567477984,-13.641418824341264,4.896832364914844,-2.7624237133417067,-14.750881603313994,3.460698328264665
-2.8466143118372713,-12.541240745333258,5.78421648567061,-2.8120504257027825,-9.902706627533586,3.4868142352235636
-3.7297503760329183,-5.611374472665954,2.2601291779325914,-2.925612328443526,-7.486929845981923,3.4987307604254028
-3.4034260495516886,-4.814630483750121,2.7849388708770526,-2.8118034149846993,-4.628926428509893,3.5761142359060187
-3.218771700796582,-4.482071271712646,1.2023275873986625,-2.684973502142739,-3.9292393716087224,3.6435350672753057
-2.109442479857228,-5.064255765671145,-8.61043489274446,-2.672415757222689,-3.6678517611986807,3.6235623613060395
-3.9900750981849753,-4.163065833844612,3.2531922020556188,-2.611952658973299,-3.548664938373582,3.6247651022006395
-3.2026769594920124,-2.1305664552932413,5.298723451539635,-2.6120084007323956,-3.5461847718960247,3.6588761605346214
-3.0506794415146845,0.1320027128472577,-1.571408949459134,-2.622775171905655,-3.5462976852222345,3.6574489413400513
-3.485001820489788,-0.16240637485324103,0.366088312865076,-2.6395502930709807,-3.583162156920263,3.648256533330558
-3.136419607313151,-1.0698123737658012,4.0118407234917335,-2.638817425554779,-3.587399814615752,3.6590210331320985
-3.1690614198456037,-1.1710163237764342,3.767927294035007,-2.6365714327715577,-3.580339911080535,3.67263586000651
-3.124395714323167,-1.176439421088042,3.932512887607085,-2.6139931787262913,-3.566584273149215,3.6475752692336623
-2.6681532288953913,-1.8094758469339267,4.683415967084128,-2.614819430858335,-3.5612698074941074,3.655078006890015
-2.8824920893831796,-1.6667818108811743,5.221678670854345,-2.6196719574644813,-3.567512395394717,3.678105539179695
-2.8334373947623286,-1.7691236322554906,4.8351430678567,-2.6239709625992473,-3.572067667527997,3.680935617043357
-3.266983815415838,-1.190936911601793,3.927979238228026,-2.5947370402109224,-3.5618371093040304,3.7221255969503546
-2.6259140305320257,-0.5924249623713511,4.139377803522933,-2.3627321873793616,-3.409994465232258,4.567986889489157
-2.7594716947528224,-0.38842045652927515,4.8842802495060775,-2.2105721643221075,-3.2256347765915745,5.664463581440201
-2.900715672629637,0.18290132982174873,6.150088315805419,-2.016314274418614,-2.599736379834527,9.168948020802022
-3.3468197001415176,0.4862299759834905,6.977706324250683,-2.222697987562012,-1.89230198816881,13.41558959659703
-2.95898721477905,-0.6478743838924039,14.418904528852304,-2.1081308364783298,-1.5187232517427438,15.546146062244848
-3.8478909525320315,-0.20452289333906506,14.089781003273083,-1.6344624167442023,-0.858634982824134,19.714529979401334
-2.480689494815669,-1.1751646190989282,28.24692839981273,-1.0898629653478928,-0.5079480194992779,23.719331815852097
-2.168693548241544,-1.2839436507003468,28.086183715819317,-1.0737197143727137,-0.4742039949061163,25.433668167595386
-2.3787768164488825,-1.231331618530823,28.948544699856807,-1.3197771983837325,-0.5215079034436413,28.181019578302873
-2.7570051983568757,-0.9533260203661229,30.017574433028262,-1.1468928891992625,-0.3675228068460891,30.010455870803355
-4.647769985600936,-0.46823969753962735,26.250718594593515,-0.9773659490667219,-0.3617208670975344,30.581617764075002
-4.655423401717237,0.13404518853657094,25.62405380443084,-0.5249213995643356,-0.18201326883328978,31.480668227591277
-4.3762713563381075,0.3353079857891683,29.737804243294452,-0.7019515680144088,-0.19512196181569763,32.116329114845854
-2.9072356594117275,-0.9076854666038351,34.310043005094116,-0.977883775717013,-0.22480666949856232,32.51904407860803
-2.68545005744275,-0.5293309791433407,34.64872053741632,-1.1383870727536942,-0.2132781219109505,32.675000122297575
-2.806497956797808,-0.28513747082377117,35.315612217158076,-1.2522017067976912,-0.20635250440638306,32.969830771009
-2.8373234521207307,0.07490416973065421,35.53963558840871,-1.2583714411587994,-0.2187287282277715,33.08088654519487
-1.4992812471462513,-1.480913041043907,40.09205082076544,-1.2482085694082508,-0.2300925342567192,33.01924440808001
-1.0326295605244442,-1.2724906078518565,36.76721573789788,-1.2064835249986425,-0.27843392227785296,32.48534220329043
-0.4684405243064979,-0.7667192321297113,32.39157320884813,-0.7776525115440921,-0.31716500899328975,30.815272692364935
-2.527620297209593,-0.8379406196984046,32.510389531474644,-0.4819802419577236,-0.25166028857181144,29.383250116582463
-3.1185998167066944,-1.1158093664581796,32.79788081858501,-0.1609877473750088,0.37097182848201504,25.089004559865142
-6.726973959872631,-0.8533845249048975,43.08332804435356,-0.3196180405260921,0.796907335266592,19.18307232991157
-4.581326886381791,-1.152045297401747,36.032637997049555,-0.5566630133581038,0.7660143548963344,16.37795030500724
-3.6057209609611096,0.75218771235742,23.84798848352821,-0.9626401447879491,0.32572668195379817,12.384181259167311
-2.0601188796272294,1.6216194250491909,20.915391954088047,-0.4846053735620896,-0.037404166638839345,10.313030393453415
-0.4819817351125866,0.8118091057451262,16.606561560563204,-0.21374781037505924,-0.15597938765017125,9.005039516240958
-1.1713562047217148,1.0734458921505048,17.903295412107564,0.0016039643786007092,-0.06990708355753207,8.459577281133834
0.2363961495129521,-0.19799316818679338,7.1364293625068775,0.45157802919028933,-0.015823155761720574,7.528339809601087
0.07036942251354728,0.0750811391651422,8.778999080068921,0.344064689814757,-0.022868327415335028,6.76831260617905
-0.3522710931110722,-0.24520733340982662,2.1389583107977597,0.30048675988836687,-0.017305416502010694,6.437538375500149
-0.022254837251850432,-0.2238116180944981,0.7871661092301682,0.21852479884313222,0.006127181084438586,6.005791969481045
0.6720765759781235,-0.3115713843676509,3.4384558471102826,0.0959262430253127,0.040942599265884214,5.660531207954461
-0.33809305225288316,0.46700349388519796,6.088124566104483,-0.02936847056973711,0.057115214748215834,5.469996316255125
0.38325581449039214,-0.026490284145296934,3.660492248078578,-0.2892523499134142,0.09069075650379849,4.7038168582852045
-4.173545727619833,-0.06610004898234301,-1.6462214665764003,-0.3263632018136349,0.2036878072349804,2.715602986891297
-2.9869487957722187,-1.515244814311301,-4.967302671302875,0.04095912815980366,0.19078391496407598,-1.0413106215085417
-1.518281255556391,-2.097752877023591,-5.585044625666078,0.2970144039354693,-0.029613848139631735,-3.156970323141001
-1.3330014111368518,-2.0793397053386147,-10.44580730082327,0.2439851539347652,-0.33370241172118714,-7.324561440070348
-1.0574634359498176,-1.7828701896851296,-10.462364798224455,0.0028178914858696907,-0.6081090558228606,-11.248316002162232
-0.13464811967560403,-3.211001111459669,-15.494514407961667,-0.039539626952562947,-0.5932208317267775,-13.131689496381947
0.43538286071886695,-1.819845237522067,-13.440746865813686,0.42734145143257884,-0.6619227872438991,-16.553814086856008
1.1462673667425207,-1.9715148832104674,-16.26928788418745,1.169112510898359,-0.7448931413744991,-19.717346776272347
0.7868659226235661,-3.6802763635994564,-20.581057739624633,1.4830658191420616,-0.7660592884681342,-21.179891551305346
1.363436018263257,-4.7399140536599536,-21.97806777389862,1.8049304191470974,-0.8941114658720056,-23.711928049695754
3.8319125569437817,-6.214616514447192,-19.563794661799175,2.1370735774041814,-0.8148566566389647,-25.683899302717425
4.789867711333333,-8.553950900234003,-6.447072102984707,2.292796750753331,-0.8766017623569516,-26.360678543830364
4.471071811124138,-7.669166782417321,-22.195122597408584,2.5162610973823147,-0.8418270668147991,-27.28474650393079
3.384563044962298,-8.658521758893501,-15.424281016560478,2.519842556703402,-0.835513118406941,-27.911161942528448
3.1808442806176247,-9.591877907735796,-19.60180751696633,2.5503541472299682,-0.841071307688129,-28.16739571197689
1.5261573046313937,-13.04063743961889,-14.00140050734446,2.5344812160044423,-0.8076316211318694,-28.612717399937825
-0.2353422582013222,-16.492622983565393,-9.907126336938157,2.4884197323308426,-0.7786956835414872,-28.962901999070635
1.430918800712647,-16.73402395576978,-14.858148988549537,2.556864684925578,-0.7888653891588848,-29.065779602381117
1.7817843067437127,-9.812920092548666,-21.88858833841234,2.521502080275953,-0.7581523007997877,-29.226885105004726
-1.425836226734358,-1.0590994549611823,-21.923870685115027,2.5143723192793015,-0.747550110560443,-29.29128564383594
0.5259734534874574,0.505542899791196,-34.111535372555664,2.471521363478451,-0.741718055528863,-29.238924056607512
-0.31005289035224426,3.2404958799409855,-28.78566752104544,2.452106083766652,-0.7458942321355595,-28.903821985596338
-0.3270235750958492,0.0498996679525298,-24.634404204783248,1.7794354816674673,-0.6319470244208336,-26.92170538843692
-2.217116688946487,-4.510469911681098,2.2189934210780353,0.12347716189723507,-0.33943251033855787,-23.454415244767183
-2.4033296397543067,-1.6746958743030074,-16.012834395202866,-0.841127014833907,-0.2313423451107543,-21.66559040494748
-3.094153084462304,-0.5139606757542636,-12.859128853121689,-2.5876987884541784,0.0748545541235297,-18.224315165800324
-3.6684869805080846,0.1545181582261508,-5.248214006015398,-3.7795354797194136,0.1729903595637098,-14.817329729335327
-5.404255817430104,-0.14456969371470432,-9.468813621846357,-4.2100709140310615,0.32711840653346996,-12.916313302957807
-4.864285511797362,0.14815068350988136,-7.3266992090793295,-5.24470497368701,0.6385080815563069,-8.928345935401724
-4.3218370823364785,-0.3595518837359432,-2.005521570629111,-5.668200117564998,1.0548723575944836,-5.31795086968968
-4.016222966066227,-0.8706906237945969,1.5362805059298739,-5.465564032930682,1.1604611444737016,-3.92571125827968
-3.1771131888044417,-1.3176360795987856,3.7143867908536365,-4.910638320180039,1.225017439862765,-2.046084876904923
-3.4540967077532763,-1.2024920191385888,3.164257214492112,-4.69432121782588,1.1952449769115177,-1.0329126295889863
-3.8032144084144814,-0.7995429188626132,3.6390165582924783,-4.4747765544624025,1.2037239711087513,-0.6205810472166982
-4.0151745603166615,-0.03949622016709352,1.6959674660470603,-4.476622829094812,1.286823310528473,0.10301203371815637
-4.80140136537101,0.8108271988924638,2.048620574691106,-4.6088683360648925,1.4012386623452953,0.6180989605348703
-6.2190738725139925,1.4434552189758816,1.482529022918347,-4.929730608968643,1.4352527053590072,1.0679936950769342
-5.985442795517363,1.499803314516356,2.0780518054351136,-4.893595970851635,1.447432073653209,1.2365512919360493
-5.131596421828022,0.611761838993193,5.433802050003689,-4.857159678353384,1.4513604625532655,1.4930639116951627
-5.494596266020546,-0.2950712536176545,30.070830956071745,-4.652178116643589,1.531133686568231,2.149735636019045
-4.527285791250974,-0.5540113961299804,26.58685906789006,-4.589738313057875,1.5923976457172064,3.0326402762642597
-4.686050368145132,-0.285486762109089,26.80871678797675,-4.347201460657609,1.7081898523725456,6.114982914306469
-3.325074932219462,-0.7257600414260079,29.235270165181706,-3.6971457429952514,1.6483039202521945,9.825271832370841
-3.8740052102146953,-0.5607954269748779,27.82324525795187,-3.6703938407157106,1.572996437633847,11.504223199146512
-3.7840578655068926,-0.3170191733256499,26.988838252246122,-4.059859077435693,1.4727296773636462,14.156532677644154
-4.720790575561373,0.43649748480116335,29.248430249901645,-3.990923329635415,1.5141146500326979,16.29185476655354
-4.33924725382162,0.33441522579734173,33.85590793164566,-4.055654336526123,1.5186260785930523,17.286393206307878
-3.140307206617193,-0.5733297781073324,22.40617869112296,-3.8896931522282774,1.6040409414791945,19.503196944541713
-2.339571873558746,0.743079137636485,28.95992865814282,-4.088034041154589,1.6792660334984246,22.029875979079332
-2.521454159954176,0.3882240933093464,29.928439798038152,-4.116621722665252,1.6729558789737946,23.402661909397718
-2.5218727654207393,0.32668046655737976,31.581195435149542,-4.246313765618112,1.7034466372979409,26.14759927011623
-2.2281242093830502,0.725863814793858,31.14570382838227,-4.546030148024808,1.7308467048084426,29.036022838097097
-1.4363204495277366,-0.21305452411141987,33.98075167316693,-4.645985440229861,1.6604850081610185,30.42005960944493
-1.6596416344099576,0.032314052837346736,20.089418820393256,-4.836126529565852,1.73514525624553,32.55948482532379
-2.6377800412786447,-0.7025721574223929,31.760265066679377,-4.435939067694006,1.7413561789803704,33.91556758107825
-8.03751788779442,-0.9374399766501584,44.60871302803087,-4.4282770304735095,1.7870709762653643,34.334186016775675
-7.810836111437776,-1.2785352241383248,42.38356310867748,-4.466358530912545,1.7774174503207876,34.92521953476055
-6.1754999183387245,-1.2748644317913085,36.16419639164835,-4.6887814860223695,1.7597716896430076,35.37867642903795
-5.133380767762397,2.5721936024125522,32.90929160439781,-4.8861613896730764,1.753588667503489,35.72606627865792
-3.159769233398726,1.2515098716406523,29.03927016065275,-4.879829678328614,1.7584349092713063,35.844120365373925
-1.5934194035942553,1.0078073830039658,24.402695024381153,-4.8416745489196025,1.7369993123851473,35.864057534407806
-3.9131193306740357,1.6851766499919387,27.764775509946933,-4.625879439989726,1.6879069395525945,34.48842383575725
-2.8893220350616473,1.547521619963107,27.44886426349756,-4.364022388406373,1.6798992175610772,32.982853371777985
-1.1823311328505257,0.9079889062014291,19.095235921022585,-2.9038671603996513,1.9344039195089178,28.54241424108555
-2.7684904990450034,1.4294537043015962,22.308569440717157,-1.3923637945814389,1.8436079171417206,22.46055144813789
-1.5788396965319107,0.637764168602106,16.372910603593933,-1.3256468421368712,1.7494325355116571,19.402719099160166
-1.304043597798136,-0.08467683585171534,12.375110337131963,-1.7950528777854828,1.1574176050474962,14.382075241915024
1.2510407296915893,-0.015892907661353647,8.337372623740436,-2.1604146526920074,0.7825513635350341,11.26920635266139
-1.8789793160643142,0.1638485288597592,7.816557543630912,-1.5002980593850754,0.5904443749705159,9.668783718349825
-1.7548128662058757,0.9430382032458866,9.097497464384329,-1.3264981382738825,0.42772487881987226,9.069450357887167
-0.16627007967949128,1.4154222264252556,8.248497627810659,-0.8897103502958169,0.4863198757812217,7.941862860041009
0.5075727271042906,0.3366702910817359,8.206818301026521,-0.3672522123133356,0.6061059892830928,6.968229886150548
-0.18981194822773728,0.23483038386636082,5.1032528631914404,-0.30941754822421635,0.6789007122531456,6.5567613383713015
-6.433251046418032,-0.9639209418574113,4.089185668417558,-0.8042687255919394,0.7581989701864924,5.029098777422146
-0.2307860175136017,1.405509717961561,0.8480151646957073,-0.9550060569980343,0.5874550930318114,1.596368152953304
2.7603952710552666,0.8175525641043508,1.8901874556332998,0.020962728200054556,0.16033926506791793,-3.3733687584994487
-0.5597349473112625,0.5054061361460949,-2.2560936063949324,0.47608896577673976,0.008537400556133754,-5.93363026687148
-1.8484023936342049,-0.8316329662932636,-6.708967554261002,0.7158964924045815,-0.3963113452748653,-10.398151767464707
-0.7854505047635062,-1.8069343177081802,-13.978121960365781,0.7310700068650313,-0.48798935206781857,-14.294374442945612
0.02760958662276644,-0.26617236339226447,-15.620553711028323,0.97126022834747,-0.49239192215915595,-16.29268698804071
0.8043376927100222,-1.049305609274241,-16.06551472717889,1.5811062566044685,-0.5048145275237171,-20.38505269799333
-0.2525946383125271,-1.3965055517913647,-17.37423597242422,2.146438291824278,-0.5851773063282434,-23.58548039484842
1.4015702425885972,-1.570234527275002,-20.94298473052685,2.2169701949105676,-0.5823790715477677,-24.794422280000724
0.5149195343265499,-1.695577971650283,-18.465480792998765,2.4143653846684767,-0.5161727015604253,-26.271211242599527
-3.0927057427589255,-0.6808774209876861,-13.867911102589966,2.6510933194125212,-0.6106327875863725,-27.155028451755776
-1.4725940947615188,-1.0180137962891083,-18.0117518895419,2.737212104055142,-0.5843612523412969,-27.52696831203144
-0.15448906827530032,-1.744185070779926,-20.86850256623875,2.9189979464397484,-0.617762335221156,-28.180889965463418
-1.9164929903115668,-2.4488201320448657,-19.272238032860646,2.9544412680714105,-0.5905552253250047,-28.64914001637669
1.9758190925198225,-3.481594336719757,-28.596312374505114,2.960226869700343,-0.5682569826250304,-28.81227359015876
1.8987620216569492,-2.487786364284305,-24.752708776920507,2.9064145794907765,-0.5344667120000577,-29.050105446834145
-2.1174933742673514,-0.3667779785807175,-20.42413092723886,2.8894101260611555,-0.5085571825632029,-29.19368806594695
1.5046107527807453,0.8637835241972108,-25.810483056116205,2.8749696433342917,-0.48097451469913094,-29.278139513071928
1.5219353667212288,0.9129457828263977,-24.95039821843339,2.8643848510727605,-0.4738233428271785,-29.266674115460784
1.321588879779656,1.2815175607286506,-27.05174707173634,2.6797880336242925,-0.4927445735355003,-28.723515791611437
1.57050045713744,1.20881284232679,-26.698337299922994,1.936977171160937,-0.3780024161705061,-26.51400795589964
-1.1503557979391588,0.14681490439830705,-23.5006562115397,1.0444172987259157,-0.23212012336848423,-24.655599552301137
-4.789537273932891,-0.10988618435600535,-13.42802435947045,-1.4791040082113804,0.08029473342104977,-19.744790597876275
-4.481589306060718,1.1805734692553904,-10.348814346093478,-3.9215728409887847,0.3522881834237766,-13.686970049511384
-5.65050342968695,1.83400573975273,-3.9323068392976377,-5.199337765761937,0.8546183849417837,-8.419933053522996
-8.720738997874424,1.4783121573309863,-1.337922440693261,-5.487991952058635,0.9531434661665995,-6.447771646882124
-7.206124635583783,1.7326772192353357,-1.9732021935888224,-5.26712072333165,1.1069320066420547,-3.8341764242475658
-13.098557579418744,0.4918655847042447,2.3818901298988417,-4.62219506635005,1.2341766212558358,-2.2657319439525887
-15.1516847167524,0.6756501138151152,2.609178017025947,-4.545596484366027,1.2569245574741497,-1.6301261506024005
-20.297807373040328,2.0974518805815814,4.37986759888449,-4.18586676616275,1.3418040021159992,-0.5964197887517149
1.5974991828693377,1.1804848822636258,2.0052345140623906,-4.087063542841022,1.3747841294633734,-0.14621966011263623
-0.12541879238225329,1.38759833468862,0.8799919387979158,-4.4039210056064535,1.4616722503372035,0.4365581073770023
-5.8782230670035585,0.7168768352465025,0.21054707948559734,-4.564315175133741,1.5742962037189356,0.9230403091308215
-9.354716267855105,0.8092458872788229,0.4806466892007449,-4.604578635850704,1.5468079650305946,1.2972697131222901
-1.8094364534916134,1.161246272654355,-0.5074612961878295,-4.5811581828713,1.554047448202827,1.3836808742716529
-2.784069951024929,0.7457666756682,1.0556143478216253,-4.522478877604537,1.5521252359421194,1.5004603296215313
-0.4468170467281581,1.4204669663997833,2.748826072559723,-4.390267053226458,1.5902267146755917,1.5430310937570777
-4.337493546575978,1.9493037013131067,2.139232892662925,-4.349409569352086,1.612070128494606,1.606474347566065
-4.5630340663208475,3.400302906455988,1.720574095315213,-4.4174178100314885,1.7925514731239724,1.8922964939509026
-4.638123927164901,3.9521683731256845,2.4734324159392505,-4.709089531117503,2.080657466449832,2.2797656838702363
-4.050047799399692,5.188710051785965,3.6644292599519135,-4.717337290210756,2.5135266619244785,2.4922116072880183
-3.4829438524248313,4.852187500915709,2.9417403946179417,-4.580432005957354,4.10546292689832,2.857213467810469
-3.817040430479048,6.390416283971003,4.141499893975727,-4.175574651405818,6.2465714304074265,3.1204800481297563
-3.82910520120457,5.552894616691147,4.178650050991887,-4.056772750568043,7.4865547281990805,3.1997997543578593
-2.982590355298536,8.081483114248647,3.6894562507903275,-3.5849130581566713,9.652422913880196,3.267564404568661
-3.150081909435511,9.76382975929376,3.8047501559421684,-3.2640925847226323,11.213298390733142,3.286651978959171
-3.7980018999649707,11.948195377901989,3.793095987320362,-3.301478542801228,12.13428154090606,3.313542940520547
-3.331287166034308,13.169582167094061,4.138743227143775,-3.327178278497498,12.411476723464261,3.2778698436078253
-3.2061229779064546,12.406501978179145,4.444601290088754,-3.476304752827022,13.137548559350382,3.2503891621519183
-3.8217241483709694,14.602342286071881,3.8941307503188614,-3.5894598305827734,14.524624301798738,3.2358980441329246
-3.684041881286738,14.301143681522836,3.918514125477913,-3.4981990186282745,15.598486650953836,3.2851322072165963
-4.394565467065586,13.39677672305559,3.904495593223843,-3.3499954888744674,17.74455183629722,3.3751422179754504
-3.8467666343172633,13.234878294302824,3.6380685921182456,-3.2661762108532435,18.68504774999155,3.408629388818491
-4.609881466629449,13.75476988380789,4.01021136138838,-3.247816030599345,18.633505189442886,3.415760106398741
-4.26398903158089,14.541768655052316,4.671109341155695,-3.139916029197071,18.71177601623305,3.418595328028752
-3.946890340208382,14.96007759974423,4.412893604616707,-3.1042319380657726,18.703983201713786,3.428238975290222
-4.516005286796901,15.236943207529468,3.943208473629007,-3.139296818563952,18.726825569570355,3.4344741550080737
-4.08932721402561,15.38833661208703,4.604040950325559,-3.1866605113937148,18.71072632434601,3.440663894389829
-4.497791375414536,15.641038144235116,3.9960916716391774,-3.2015421119564555,18.719201505983033,3.42583406828469
-3.56886382386743,15.080591972397407,4.516739073071094,-3.189023832308301,18.71432503963771,3.434056193533463
-3.465249287817425,17.47143490210616,4.357608286872203,-3.1405701021631836,18.627510318438993,3.444937662618329
-6.40109348353554,9.631800738799232,2.312878350981034,-3.001977385341303,18.158952748235496,3.4277519783569597
-3.536329360040529,9.417261020742428,4.1050219106229235,-2.932715879805993,15.95748344467752,3.2608899136468494
-4.800946196707924,11.275342128939243,2.1850113575737646,-2.9907181576740514,13.454361222720232,3.1968582538589114
-4.901833999230933,0.8126980811148764,5.171220942722687,-3.045522948407744,7.98712711541593,3.1683635082669013
-4.078886804759768,2.810457188300698,4.932198800477863,-3.072763239824607,4.597208005796227,3.162080569229997
-1.197499619929306,4.283609904781038,3.841184275801145,-3.127075766674382,4.225519448145723,3.1404269859665117
-1.9054094182033359,3.652120342194403,4.37653886673235,-3.1489804683042615,4.126432571770324,3.182828773295759
-4.2378523693487695,3.389238587142068,3.116671082117972,-3.1246669480361002,4.105469509995438,3.2068523036671737
-0.8867366000027859,2.8060970760628154,4.6508630952764864,-3.0589339714178427,4.093595601149011,3.1566155439824204
-2.711409739941819,0.9129220517818817,5.213271134780148,-3.047234709382018,4.156095025908595,3.1718647169442806
-3.461655476838022,5.4853168852132566,4.6801514032094405,-3.0491829892928664,4.1615811475001445,3.2172507496866816
-4.245628370965301,5.477536176139111,4.102355732242507,-3.073907694308349,4.143469611876432,3.194175162076528
-3.264967282795228,1.6227780432578396,5.131714922342887,-3.0974572467937653,4.103062049171866,3.1924117705540263
3.0514329710282824,2.442013996076684,2.907759625642072,-3.1703553003116345,3.0477473657083176,3.186211770732753
7.8010368654056,-0.8760233268555498,4.5351387391241795,-3.070787567195145,0.5329397325337623,3.175153802060948
0.07919318566693967,2.4861026368684342,3.344418345393928,-3.0259132338558445,-2.1886993767709497,3.1883771555273226
-3.270399865661114,-0.10058601782976509,3.804848015390236,-2.9181756118512423,-3.303998011655161,3.2039197165232287
-1.8430331079773883,2.411146591456348,-0.42763656938826,-2.8021986211588925,-5.0193231001303245,3.207672667321354
4.719155094807199,4.961601625171499,3.3918489316995286,-2.7568550953345934,-6.5790630680829745,3.1895266057032163
2.2552729868486012,-5.870164802566503,5.658247622646461,-2.8884348900472667,-7.243822228420408,3.1656325656074307
0.8455433854148726,-4.7286426974658315,4.266852642444454,-3.0153060577565283,-8.240959995084427,3.1440171955604934
4.9950445740259095,-0.32320271540243933,1.9408370534391275,-3.01647307612043,-10.358366185327492,3.189711248977272
1.7523726728462499,-6.794247415156057,3.262367693555748,-2.9404066525711623,-13.090926516311626,3.245655607355673
-1.6596065023927207,-11.724593955821033,2.8921061564415007,-2.8364673162294265,-14.325644552723753,3.238572047579511
-2.0598040048968143,-13.916124612736725,2.269368067142291,-2.6333623015849086,-15.856942682216015,3.126000322846221
-3.785997953702654,-1.6322259797523453,3.7208913506681696,-2.455042091828883,-16.525937094003016,3.0481735935929977
-0.8204918671855377,-3.9858352797770604,3.6114808407657613,-2.4170812966618898,-16.818301626767482,3.044415453859298
9.996043088364775,-2.0297029971117864,3.542960568537768,-2.359178405709918,-17.222114681753727,3.066296362107322
2.9067235985113484,-6.260185850545458,2.7692517029104704,-2.408556460136097,-17.34286855020112,3.100192940263342
5.981116040716107,-2.918086031535516,3.4721153137514764,-2.442103139222689,-17.34393998984876,3.1079017215875413
6.602476889360648,-3.774992854448497,3.9588731095851974,-2.537601978075356,-17.39620122068148,3.145111595266543
-0.922088416745163,-5.67443636988155,3.4673927493818497,-2.597367338541459,-17.42821938263666,3.1790363874050303
-1.8668097229237646,-5.004721506836144,3.3119534994543605,-2.618353146048564,-17.462728554289622,3.164325223678307
8.978215856312827,-5.202704158339449,3.5005517540946984,-2.6274850883920076,-17.508306423388795,3.154344382266414
10.495806891841173,2.9672371551248085,4.289929357712949,-2.6290629390493696,-17.47524388956906,3.159841593448679
24.59600944737555,0.865482184492598,4.489974470489534,-2.5503962707906274,-17.374125646073466,3.1043167174720665
-8.315861130552872,0.5575231994883008,3.7094554117619105,-2.5081981491466228,-17.2869630665165,3.0725479425957944
-2.1206461639257186,-1.8411704142087078,3.3790626483793464,-2.5236641955288692,-16.661729823060377,3.1456360145529088
-8.622350872707296,0.4163397485328211,4.074788925471759,-2.6211079384494704,-12.88089073556984,3.3710185622686017
-5.384425054785104,-0.022730312286506474,3.8447198977285773,-2.6589307883318347,-10.135914375995842,3.424342135199149
3.2035785053116004,-0.5230785140739066,-1.0060723325338665,-2.7598525805803806,-5.472839904687413,3.461018025485497
-10.220944997292854,-0.9672015502824003,3.5022137529682844,-2.7323377618154123,-3.8261299403282334,3.51739456271518
-11.543973555730906,0.9029514429399828,3.10201964150138,-2.7028490233753213,-3.6442310333586776,3.5009109153755666
-6.902402203205676,1.0214156712769782,3.1805202027575152,-2.675941126608432,-3.2973106560510907,3.4704577393458744
-9.968485207948142,-0.22321793236685405,2.8527938497917464,-2.647805579249529,-3.2073413644029043,3.541638454986187
-4.767514249264549,-2.8119223288529756,4.215431933837159,-2.637661470518746,-3.2314734515392773,3.5325182200041385
-11.541149413447126,0.3814365002262214,3.8470161646151007,-2.6748251882866434,-3.231148518875436,3.523834455072286
-9.336190223793485,-0.8369274582222944,4.209887800892256,-2.6942751217872116,-3.2329297908600676,3.5310569619234
-7.165611258138772,-2.4879669498259354,3.6985899330171623,-2.693451203470944,-3.238111101584793,3.529051586999094
-5.574140185750884,-3.450513932177927,4.19703410814931,-3.223911010330873,-3.213262241864201,3.5560212476376876
-19.757156767372216,-1.1314113313808856,3.037160421709315,-10.884192982160876,-1.6886714184909055,4.055075570081322
-22.126661121539684,-2.1720634384449915,3.6414150412982127,-21.949250633691555,0.4259099626758695,4.426704459525826
-25.403372782862974,0.9786674540574992,4.018136500048526,-25.297382566390606,0.9581196280106704,4.228181591603501
-28.47422725157991,1.1691716865854185,5.060795897784409,-27.058536368080944,0.8739965400694146,3.775614484372907
-31.728593101723586,0.811484702811077,4.6188783417557735,-27.611877266340205,1.0040941089785194,3.765334889391535
-25.133133425044925,0.1858979102763131,3.1679542652193917,-27.852432914809956,1.0157407941274197,3.8601712035618174
-27.56571314151773,0.884051841397672,3.77470869778051,-28.188148138868563,1.0024582567225047,3.8418013972655345
-26.049184681663654,-0.4716498879989362,3.1785552916328177,-28.111412582981927,0.9596381372660711,3.7907927498979834
-26.229371122610335,0.30508359324935275,2.9765559312627365,-28.22712499072431,0.9303373739186185,3.7882612957743675
-30.352354144513242,1.2417321847124718,3.2888514052662874,-29.769993692698044,0.8609237198304083,3.7291082925857695
-27.91258121454015,1.008618225052583,4.092621511109744,-31.63066827976011,0.5890095571146106,3.7560186517071292
-18.61665569372106,0.09096599908799233,3.397228784601167,-32.07341809365524,0.5169164838010294,3.7684052847702163
-27.365883721144257,-1.1616553970224286,3.936685800487496,-32.34589343282155,0.4947149140846179,3.7966595519319237
-34.307566654418835,-0.7672698089001093,4.102362105534271,-32.61965840314797,0.4741029000591464,3.8678680951945665
-26.435423816594593,-0.24647450213282995,2.892626556804476,-32.93383247653501,0.39370917399831024,3.903527030480689
-26.972295402070234,-0.4307116092549289,2.953882620966258,-33.04439528260099,0.39565362969225915,3.917636886768633
-20.483026310467714,-0.023197137001000002,3.1953879817352355,-33.15780168136029,0.3853799779596876,3.9753783706795063
-23.65086230887636,-0.4437527325920569,3.1529433521124623,-33.15224379005288,0.38836233561838945,3.9489595274555658
-34.55572924124249,-1.6984673475140104,4.703574405298844,-33.13336451987501,0.3845149496281864,3.932048881875689
-27.834847794763526,-1.1690172929338158,3.386706594377838,-33.150039146149105,0.3682510196178472,3.9293007322687874
-21.807256574323414,0.45238024583319436,3.1579682715823565,-33.43931519827641,0.350570918374038,3.943508669842583
-19.01095051184845,0.8406237646199571,3.3374222906809643,-33.40941076453183,0.3519545955561108,3.968356777680223
-17.568909203873332,1.3377777314066719,3.8765517822891495,-28.37073568865066,0.4973546193532068,3.854602610893613
-20.622082800764726,0.8223042088387706,3.1965912744204426,-18.884004517364847,0.5365329070841767,3.1242734810640878
-15.865055839040611,0.5872561239846026,3.1886883099367096,-15.561624964826086,0.48754406353828805,2.8076016348858888
-14.852608632261648,0.5837175740842473,3.0655477105728637,-12.766870931667357,0.5825138414060745,2.5628965453611654
-11.263940173778357,1.1836322801564243,4.8437135632098665,-11.615759754619612,0.5838621953799532,2.7950808300645127
-8.361020381349174,1.8659505448277465,3.930064630422851,-11.313819577357599,0.5614350123550714,2.829371509379962
-10.04606734795218,0.6943242262405324,3.6736817896004426,-10.810364193353147,0.6126144671608568,2.777347426294802
-12.500785065397103,0.21626243062054207,3.3107114233920134,-10.619146390867074,0.676160892316603,2.86119638967455
-13.211673141395615,0.4367673959365281,2.9645529812018245,-10.699312064780079,0.7259633770079111,3.0169134722933073
-12.640204941710948,0.3401264215551893,3.035023080377146,-10.647257162669339,0.743460759086469,3.056646715924551
-11.812935717214565,0.498614198567344,3.531660391014361,-10.564659716298472,0.7481875280548461,3.064412871884437
-9.192751858806199,2.0377025448510113,3.2309565433847958,-10.515059511529296,0.7381984651086979,3.083801589802363
-7.960963545246864,2.8538943974147895,3.59488117948178,-10.431293812785416,0.732321213500926,3.0550584848661373
-6.178387645649143,1.2509723413846965,3.829972272231474,-10.404620793916136,0.7325824809640248,3.032099798870706
-9.581449044118171,0.8810696358220267,3.1613562451904262,-10.42046027052682,0.7392610620020346,3.0539895466976286
-9.212512824304047,0.4655184632260435,4.074553746308561,-10.478590231454454,0.7418386097304696,3.076889071798804
-10.169438945424462,0.45562614698001347,3.6650049213345595,-10.306310302201533,0.7470829150668462,3.079038412642295
-7.00573828324419,0.7838915612080528,3.4383003783161237,-7.382749318929574,0.9399459565240136,3.0326305283127084
10.443922271119549,2.3074311068354203,2.7416860217689227,-0.7488252540197485,1.0526430376535347,3.007188996385909
4.388668418758643,1.1281891924002971,3.0398520295486144,2.268500944084302,0.9818587047772501,2.9623604076340357
2.1931452145473442,0.4524947835195561,3.374647281306574,5.7820117212913615,0.8640760731563402,2.89122566246158
5.014267443461627,0.27018473307106006,3.925452442282675,7.232648882849972,0.9411770198174791,2.9558439526974776
6.968358593011081,0.6218921287570592,3.0785309086939674,8.699148323544385,0.7158704825834105,3.013178218835896
5.849661318341315,1.0504013468443034,2.6635795602961063,9.669875304923655,0.6088899831845732,3.0182198439565133
11.197321949505456,2.595876885025466,3.3057333105066755,11.454312970639535,0.6296052223358374,3.0471774800026425
14.645730061299146,1.7369961089798087,4.108815815012556,12.386417279695502,0.6483277000694211,3.065523769787563
5.955922253183442,0.025938893938103013,3.746622772590115,12.848538176398279,0.7249964342129537,3.039571345347906
-3.922403498892416,-0.11814017256342844,3.3334719149700804,16.080514704527694,0.9428821032467349,3.056581128145151
13.602595301810705,2.1223740886318487,3.139829647021304,21.53609617145474,0.8793238636312322,3.0830160160972087
22.336633699930548,0.993454910250306,4.0788059278382125,24.529203052371223,0.7509890287172881,3.02913395958016
20.809346856771427,0.38128704864285795,4.691630361492048,29.574642395109688,0.5159144609207371,2.861651219943006
21.221378405368558,-0.5087061532383146,3.7831818526458134,33.557705113538105,0.5951418131195407,2.7564467141875784
22.682974415794416,1.477206947826979,3.515318387065655,34.74894474882849,0.7145548025099225,2.7237419441654915
30.161420031816608,1.592653193493723,3.8816957539941344,35.45371830802956,0.8132398258021016,2.7144245374004448
32.58566270531854,2.4056740710099636,3.3749549050785053,35.53261680707991,0.8535990612966854,2.7878269657287214
33.34450702569514,2.7614437925726114,3.68740261750792,35.67694751155043,0.8650779763579703,2.926488659644223
31.61608552643687,3.4493648418673604,3.35865847501618,35.81531571915865,0.8476550110354183,2.941558501452524
32.340135828119834,2.9239077114258096,3.2201858120260844,35.99036931494844,0.8288378977497826,2.9091433566257066
20.11438673555828,-1.9212244589577938,2.5561789131733086,36.05103271980836,0.8257324516881075,2.900256021059462
17.368981073268664,-8.401326560657658,2.6407468013264004,36.08550197387851,0.8228234200587367,2.8841731430161905
20.925262524156086,-6.0688217293956495,2.28086825258474,36.16410593378589,0.8168091032796617,2.8594316324861055
22.564154476852778,-5.154314733426095,2.230040000161306,36.197066497086055,0.8189983797665693,2.8596148714184224
30.45941929288814,-0.5664547513171933,3.7907960926086575,36.1215760378282,0.8237345687462347,2.881884190661021
31.347431225228732,-0.9787697006798046,3.304325945781567,36.06708873402374,0.8402056153412476,2.968130968358911
30.957144617852318,0.17580406823684178,3.176883979784841,35.66397727202448,0.8426130990838582,2.9517131435371575
30.661153417855235,0.15121175666540412,3.7362123922745956,34.35677278265524,0.8601474206087832,2.964219905396552
27.097095595436713,2.566236933505338,4.494317257597177,29.011680714321347,1.1081898522110745,3.2653026655660398
28.969142713367024,2.1988919013974346,4.62681865707356,22.79443164546243,1.24153138909865,3.562427669745022
22.069863241481876,1.0342550362767757,4.849499051507957,19.61364520857261,1.2507633717199116,3.575933175188538
21.902970558744943,0.12246751683554485,4.485785750151745,14.192416363408732,1.055255905944464,3.719404328929878
18.260177751405205,-0.341188297355484,4.448550289803362,11.912412499083418,0.7274212863699032,3.943130348692925
28.683307186560526,0.7180914388216023,4.101172310871725,10.67485525028625,0.700767617458331,4.0792481791030575
24.826184752870883,-1.4925444326557815,3.7169640729122304,10.037743808557362,0.8101182775441798,4.076192671971565
18.46962138693084,-2.187087056582449,4.407630271576142,9.295069340929736,0.8982878333786728,3.8631047260800844
29.610563997873946,3.022093455449397,4.444162475720588,8.572841917531047,1.0363874417682062,3.7637024697611756
19.340068860313302,-0.14605454928741504,4.346436211430022,8.36200783812827,1.052454109363876,3.712478842010337
6.954193698697427,-0.3040651762744562,3.847097825347205,8.294363587808522,1.0293334217180359,3.6508833183227964
0.6707277236100141,-0.10239433816041017,1.9746315604549987,8.241363578776545,1.003028297771814,3.609377812705156
1.9241412277247507,-0.057775879220121645,1.791960692182063,8.26595914280274,0.9887289946577386,3.582267045722087
-0.10358105163215194,-0.46754088328348326,3.3992965847387375,8.12627315782846,0.9789723359872918,3.554822593488576
-9.078933824686608,0.735089164405913,3.9595794825899326,8.033581160187518,0.9874314103959744,3.6125062458736035
0.14633309448472773,-2.6204608879832874,4.1197224477034915,7.480293944703281,1.0337956966697335,3.6167718825145916
-0.5492271596174557,-3.325894795598052,4.57797095077319,6.1952220981267665,1.0858444452011569,3.6181737619718204
-1.2299643943886271,-3.0549257938503644,4.148149516447733,2.6564341309632504,1.3796325941868859,3.666070823964373
-8.310650891230264,0.26322172568378843,3.7248824000888585,-0.47822871359392616,1.416143026316995,3.6611795823299493
-6.909941289447691,0.17811111379893646,2.2396207066657206,-1.9856770730757154,1.225110349074301,3.65338888488449
-7.747462962606255,0.5705821633473357,2.1868094856731193,-6.248926694568753,0.772307270493342,3.751200034906655
-11.257542078195033,-0.012552070555098162,2.762433420563756,-10.808121924369798,0.7623446503759885,3.874958063020425
-8.812618803789114,-0.6481869744857347,3.1869079742156687,-12.321317557413364,0.8857691074815616,3.93115159851482
-12.468884287720083,0.26249494116353167,3.458707846650584,-14.504476865661433,1.0442505691097124,3.8506938570285043
-13.596329700704464,-0.13834611221370008,3.201067307080724,-16.60066728354011,0.8243293733443023,3.7785875053604108
-10.207158459428806,0.20505445668883399,3.7310578313752063,-20.706589656034872,0.6466371803100037,3.726662817395797
-16.55031430448048,0.40724293649105475,3.378110028192926,-25.90750395424993,0.7290671359983485,3.8189179251805814
-23.368483418690193,0.7668164315284822,3.5162034443114583,-28.13578833842097,0.7809466999222547,3.875200384941995
-31.89295544840879,0.7833867385732246,5.321295254630168,-31.54957568522498,0.6185073550567176,3.9357725411085105
-30.288583716613548,1.3470633997052632,5.508525609871957,-32.78200420528745,0.38885490471110634,3.993144093804237
-32.00770642376327,0.7919107956994245,5.019734756411806,-33.01103067153054,0.3790228938435996,4.013100141538728
-29.771805191541425,1.1602997573573226,4.896624497740537,-33.50715484162541,0.438017872474246,4.041081030925044
-23.603835289919076,0.747554601209083,3.1795147992501165,-33.70751562414755,0.46451948055247794,3.9804619065599804
-27.19373128890535,0.429880138908367,3.4741607551057743,-33.73356632851878,0.4754311106885907,3.9423958149083576
-31.68184010083801,0.7354802865673227,4.628375387536862,-33.788160488262434,0.4521371382441065,3.887990501119432
-30.228408302980114,1.262260854550646,5.565030026445208,-33.83543978373684,0.43714494615413196,3.8854620536081206
-32.46131340517612,0.7793964594718535,5.11527408778295,-33.92840566507435,0.4301052275096631,3.8702423895206297
-35.488641840351654,-0.012104793457033042,4.305646092453061,-33.99329715980634,0.4241698364467051,3.861999252220666
-34.74123046205734,-0.3574845679523146,4.303254467505568,-33.44917538474244,0.44788350923168724,3.843391782789646
-34.07651802783695,-0.08158093675538229,4.259384349517007,-32.50086941162262,0.46704241825975135,3.7839867497515423
-32.16302957641243,0.3239464456858329,4.488587620289365,-30.040981172456178,0.4407177593868909,3.5288121486463346
-29.5093096407234,0.7797745140895278,4.064150551740123,-27.159455050926095,0.41033084414859516,3.117923850552747
-29.095425149984823,-0.5792080728936954,3.589501164360814,-25.715484582190694,0.4818736290839558,3.0137967591704347
-25.670396738291853,0.4649130114215333,3.4376868587051717,-23.407347555448254,0.6668849679378791,2.97810667741702
-28.861198098012878,0.38001561889810265,3.8954199875454965,-22.851571395815338,0.6878995140428715,2.9516615227283425
-26.651430259115443,0.4742314017699278,3.5029350737538705,-22.606531544200397,0.6570572286513751,2.949106637361424
-24.428866305760007,0.845479534368551,3.679784327106332,-21.083077050059828,0.7057742898879175,2.9677506303905843
-20.574516808636158,0.7569291131389944,3.3751708138975896,-17.58036479199768,0.8196394636246952,3.0897274582003162
-19.209678510160554,1.093895226431413,3.6960583611065108,-15.841464758426483,0.801196512211879,3.0731663632442867
-19.128392576542083,0.41854226084872426,3.4163873996312732,-13.755572032376948,0.70889425856361,2.900767395902218
-16.91091122852549,0.5971092273951126,3.1694258319684563,-13.407043470370663,0.7529621039468233,2.876396114316102
-12.738984552437453,0.22803137545446675,3.2428347186461486,-13.222414574045306,0.7122460351031404,2.958317981782329
-12.602035416656197,0.35817134861562167,3.3371530437265453,-13.1965564191922,0.7013341955224512,2.980014421408107
-13.561443340637094,0.7205652045984045,3.5392972137560097,-13.178419418115958,0.6932048173814014,2.9755919162106372
-12.9641453191339,0.2695917105274246,3.2538011451783784,-13.18607416159011,0.6935058112078117,2.9964387118843563
-12.895358316902746,0.1564873338694455,3.198193187874503,-13.184046370592817,0.6961884807186758,3.0087354858048574
-15.307219669195248,0.5592677811491081,3.0451781268135267,-13.173474069685724,0.6971548901561138,3.0146667261653226
-13.050561390862223,0.36146929203711614,2.854644047286409,-13.16493388008075,0.6909888019560455,3.0123012532049525
-13.30552622658609,0.2968209600124828,3.442095558577447,-13.164539366397902,0.6916143880506761,3.0110869614969813
-10.841768126565544,-0.09740377738880097,3.483804585225999,-13.165641606904218,0.689971773617226,3.0129186635362073
-11.130759853099674,0.3926140231641898,3.5026027400992494,-13.169953761072183,0.6893608090528429,3.019695291843833
-12.849782997571712,0.8794360652819205,3.3133725792284694,-13.1354498145135,0.6910137743907094,3.021413893486482
-7.751095836163727,1.0115124169149698,4.090690906894153,-11.354860009782659,0.7272021532885609,2.989694622775389
-3.6261100602455167,2.1727028411892877,3.3886993337388867,-5.457261352790852,0.993871257619958,2.975378521925568
-3.601248204858506,3.209990613109473,2.9053744848042617,-2.4339967726730745,1.0532215449179445,2.9872178423441125
-1.7082686166866858,1.406160480207673,3.8517424982219026,2.2238144506413393,1.0637901384077113,2.9445034217663415
5.700210328581636,1.5032435555144286,3.6556044165803243,4.835239627293634,1.0896199063295549,2.995283279247537
18.159698598633717,-1.7368513643927632,3.8424651303022017,5.375913020478275,1.047990625920314,3.0547654728148665
6.349676427599445,0.7432592862358921,2.1658582049884734,5.728843761248464,0.9740828069717196,3.1329387006014175
14.124795941795304,1.4287943903803935,3.3032887540388653,7.257071528596346,0.9371666109064986,3.103232964806718
9.85688557010473,0.6694052074637881,3.946599330831136,11.190096866490265,0.8655309450082452,3.0813922609945164
19.67095072585583,1.1891714445414783,3.5902538196999116,13.099800123568969,0.7643218098240957,3.0649553885643805
9.749655702952753,1.6448015390247859,3.0743368485057188,16.29010751542695,0.8878834672816194,3.0495696421708076
-5.764725309946858,0.7009637775006611,2.9975362934623657,17.836820964636214,0.9238351398695536,3.0418880647609194
18.551787734575637,0.9069733964603747,3.653031300727725,22.21686386902719,0.7997062432830284,3.061542545005919
36.10720600521498,1.7959752268704317,3.641999657507023,27.55766879815261,0.5634357487898571,2.9897778940513255
32.97810671685631,1.4808784743096903,3.722895612524474,31.48060640731332,0.41740573092545236,2.8465355944667388
32.5791643865649,2.3046682643779026,3.4720678177354163,32.86581070274074,0.45558772347033116,2.769694581385432
27.406414870726536,2.1074302702805716,3.239084170890681,34.70658034891536,0.6514866874301105,2.7426591674411074
32.757310231454,2.4282386673808203,3.1105107977743995,35.189469165504704,0.7630375534953436,2.7337779670250666
39.00469951294565,2.1071593297500715,4.161973355656463,35.25406039971196,0.7783578426075018,2.7637228706616503
37.24066602309755,2.5400002838447424,3.069305856696117,35.283999849719315,0.754320717413814,2.811496825265986
35.20997708430381,3.1409122056304946,2.6609420899591547,35.529783814508704,0.7581831620768373,2.8642401168739564
35.83884099493174,1.8313358840222347,2.7484151092212814,35.64759488176102,0.7466938206530613,2.8832987298743964
35.395358582679265,0.4253752355099914,3.519583678191492,35.773053548032415,0.7541246933926758,2.8655811388974293
36.31198872993731,1.3640450778958746,2.7609264227763033,35.78780016018541,0.7534450635025861,2.8520125919441304
33.96879814496453,2.532419687660634,2.992004440236955,35.78876911316633,0.756096776166381,2.8688170010847736
34.301832239156845,2.2881248022157705,2.7632785547406797,35.79914520950471,0.7591995929694644,2.8640054065631686
33.94197375216357,2.7199402246976394,2.7390765884790644,35.68512385140059,0.7656761675865604,2.8747252780412915
32.13430012105883,2.392049345251006,2.6437366761074994,34.32899280124424,0.7909266185357627,2.9601981579544736
31.25917088839388,2.1256450256720516,2.773912740537167,33.11352272968456,0.8241765800232141,3.0457740493278216
28.0439151822831,1.2161560671322391,3.381804779786226,30.74993157419558,0.9950177554426816,3.337103350318796
33.80175516665968,1.628526443007349,2.303089005123304,28.19988605152857,1.098497642162991,3.5051508581188404
24.582217686927592,-0.5694581685575635,3.1843117454350396,26.895904838641844,1.1096179819169545,3.546416466865032
14.284194994883467,-2.409388138998051,6.912333369564577,23.818670465130285,1.1056077998085674,3.479798629321125
12.875825284221207,-2.418550320562744,6.205919219507963,20.143497985188606,1.1656783979606073,3.4187901995073533
12.463569308439288,-2.613865233460213,6.142130017606889,17.917923329329682,1.1474356277324036,3.4878544539657175
10.320403605454088,-4.214810709538524,6.055338109410729,13.46844655126697,0.8306264031316609,3.795559405632756
10.812646672664554,-4.3790030563295534,6.742310498949384,10.765240776232236,0.5373853993242206,3.9948088793179117
7.477559611220548,-6.573398887733547,4.382541648134737,9.717996919736896,0.5273431610181077,4.033747183848076
5.197251072647462,-8.40157798167024,3.6437032932673192,8.444012849345627,0.6423304638994726,3.888721450366999
2.6553495601677524,-12.277599491639377,3.5031530538668254,8.362965268313774,0.7206256113979975,3.7245774488223273
1.78395555823021,-10.692558678754017,-16.786832735804786,8.352306986637682,0.7230954868220656,3.690027793899261
-0.38521592566599744,-5.394603586400727,-16.7430262315511,8.37759319047149,0.6965052457374579,3.672615080022509
4.02662634270243,-1.7276223066415322,-0.3060741260927781,8.372571692268112,0.6832865354771296,3.6854600879650476
4.707414689371943,-0.9890904994389819,3.9442091317146253,8.367612563967686,0.6809927740498115,3.6692931244214146
8.164249448368418,0.5364017791008608,4.665002471473162,8.342254352692118,0.687386797680216,3.671843741942058
10.016556980443958,0.1973946183536971,5.225416009485851,8.331690384306878,0.6947353504783128,3.677842422274328
11.121896795048967,1.0066360894469752,3.1186539125605526,8.344574714897288,0.6960613387090024,3.666211951375778
9.24471319732763,1.0368895164743597,3.545249307648966,8.355359603272566,0.6869043490281092,3.6708172570219664
8.497500719792113,1.1638102741604734,3.931376115188813,8.353699103980183,0.6837903249639966,3.6668611440577035
7.571987763095286,0.589530354746691,3.334714787707704,8.334931316936515,0.6914717081871755,3.664361682154353
8.958863937762962,1.1299033736125619,5.0935681242219735,8.328539374162677,0.6970746863047861,3.668803972362115
9.206292762899663,0.7888534813594409,6.250569338320745,8.326015398970993,0.6965034359914118,3.6689595188848405
10.219382949417858,0.9042868564165685,6.325732056321365,8.340253027419719,0.6973419813387249,3.6630308387594157
6.777431564729972,-0.05190741668120483,5.4260361141695475,8.34224621179287,0.6963268774798433,3.667475048747768
7.63933106756039,0.4952304558011193,3.5310929939482247,8.328361997813063,0.6927605829363038,3.6696468645781795
3.8304904463853844,-2.537885304514654,8.806324335785837,8.295781041122765,0.6983266864327985,3.7050127590245747
7.893415294180032,2.5255817100898397,6.09551864148778,8.18728732444548,0.6985489244172555,3.80992134576541
9.581009253945087,1.3471995669819092,3.536473506135651,7.657737078864846,0.8177330282951357,4.486151565414404
9.94188603900257,2.4598312710779435,7.497065514299334,7.103418479818014,0.8856636777268752,5.448263803527576
4.045523260004173,1.9967821210178294,5.841926520280298,6.24630505217919,0.8671753969310456,6.157484230115104
5.824040377132102,1.7476154193200188,8.646828530760423,5.851816583207663,0.815179749527527,6.69279619146863
4.773630711378429,1.1818395913056583,9.993680763143903,4.409265140915453,0.5306281236489815,8.468819253167139
0.6442901695346691,0.6751694328382799,12.173341145924716,2.8543898905743403,0.2673597899951393,10.586754460988098
0.8465921336083889,0.8066082364036682,12.571318257649478,2.215336929475518,0.18394762649802565,11.495662285219339
1.590573872535103,0.724204882914487,12.637574554015746,1.1016274249066684,0.05602350855094454,12.904367105298592
-4.757139376652654,0.7836276621556136,15.639320013727373,0.033190483389635754,0.07853625244163782,14.877487563939802
-2.399137784248189,0.049492656975297034,19.569677752071236,-0.3894882384392939,0.06752309398718236,16.24307341790115
-2.125210628910751,-0.28799523595651544,20.84513934629445,-1.061925905927158,0.1967034862660912,18.995071689477196
-2.7380998851978604,-0.2904806619194425,20.771919824654173,-1.4187878219806596,0.20296079957499677,21.332681725209795
-2.8590215312150384,-0.7096734277937125,24.421292338253156,-1.8264631519276124,0.3618118439962152,23.31498369176987
-4.003840894403314,-0.5981288329616645,23.639130874448057,-1.8895409212967829,0.46475927827575964,24.224853898924398
-4.0660730697448,-0.9074545814950526,27.924588009778095,-1.833647255245657,0.6032157478286481,26.239845106713517
-4.8341682714074405,-0.46394862406645265,30.693940231979443,-2.2129767117868226,0.626761948960374,28.663506610553906
-4.629971003568532,-0.9542569691510675,32.93792646502125,-2.142229455005176,0.5405832799364383,30.002351608822178
-5.236688791634633,-0.42267998289754527,33.41848294151386,-2.3708897261952604,0.6836037241492684,32.29078628295321
-5.42438657193595,-0.19677431346730678,34.46728948289219,-2.3305560658888913,0.7849786290395241,33.661563910640005
-5.5617749892711155,-0.1605810636576161,31.16827769657147,-2.2837817448597146,0.8056739363458358,34.11818699020769
-5.866803969060031,-0.0031539575523203737,34.12273376688222,-2.2448877249115395,0.8469490785905088,34.81686029328501
-5.543598347606552,0.08275716197512192,37.04715284215193,-2.3863454035419136,0.8067438936064396,35.26671326504538
-4.4624473536381934,0.18660044491463157,34.69891564691948,-2.4827949930461712,0.7880548077525381,35.42212974510095
-5.366839805625509,0.19719603731008895,36.640071977887715,-2.4899920916532836,0.7743278604738161,35.673724108648436
-3.6812886091335932,-0.4216680383114777,26.86618930584104,-2.3975109164342916,0.8119501655547932,35.86795616096887
-3.326936619899913,-0.7963881716407262,25.834153843167233,-2.40627285662499,0.8138143596637696,35.9006799048648
-1.9528287881742594,-0.9693865867285684,23.477450544580094,-2.434070224166194,0.7752643508166096,35.152258870316885
-1.612215592066634,-0.988031341616829,22.592494068240285,-2.3366605680379986,0.7599730225837689,32.491270800244465
-1.800106667199747,-0.9364660344938923,22.270495424676195,-1.2446436541747803,1.1444545190531747,27.497447611689147
-2.3743745439454647,-0.7703703699851634,22.150548267118975,-0.5261560566362706,1.2846810907008521,24.10789553634822
-2.301829309678529,-0.7353279526191668,21.82109544258619,0.11325745070568541,0.9631779908622665,17.75612826321258
-2.1180290014668306,-0.821382857745453,21.252036002188245,-0.43238442758093526,0.21127592555174576,13.32380113167919
-1.7816464321677645,-0.4023750438106673,18.16070681958813,-0.7047244943414375,0.056069154211038086,11.88843401543059
-0.7581925496824778,0.0179299577390483,16.22117901734183,-0.1576797456469216,0.003573681616206778,10.127998202193016
-0.2818159621916638,0.6702414298792878,15.049010442856206,0.3649159249708847,0.0519053413605859,8.78197719305653
-1.5360898273741328,-0.06489900632914214,16.946730378064018,0.5796032137242686,0.0843968514194234,8.218682003801822
-1.800805952545877,-0.05142542014457693,21.597691972977135,0.7502428863925307,0.2420486350511034,7.3921392813369495
-7.629543092092441,-0.9071799331677692,43.79356287969148,0.5269762299189733,0.4771014767911339,6.620447085128359
-6.719375242536337,-1.1916101575994686,37.94771828004904,0.508874685807519,0.5096639278024911,6.2252632078120085
-4.185577104399202,3.9002201562895222,7.282386783144125,0.4457503802619628,0.5323983259715722,5.667909614974538
-0.6459661134198262,0.4136064934663631,16.036567682556317,0.008022536927991672,0.3887308861659085,4.06056271515811
-0.5162854199738589,0.19390196718051517,7.031121176446186,-0.16340685794707585,0.34735107381075075,2.580458973124322
-0.2667708013457368,-0.036509704698412526,11.723528665222762,0.2192444068252398,0.15611665147572637,-1.202129311949107
-1.0418780766699824,0.0804194614873502,16.03578874760584,0.8460767417020129,-0.061021805286306775,-5.2948639190961595
-0.4258166233373268,0.11078834419461976,7.991902927114431,0.9548012557889279,-0.18181025333651937,-7.276308793415804
-0.08749163521254628,-0.13611710896126789,3.3855666460993303,0.7965384856125852,-0.3359774163709426,-10.620317549658516
-0.37922483589713407,-0.0139155678978054,-4.406960965378033,0.6641249755509552,-0.29942973606886264,-13.5526806816126
-0.8607361319650764,0.3720755365033819,-12.82236878572092,1.3636458743324125,-0.3368127361691322,-16.32832279344117
-0.6576685259438896,0.058188353312025515,-15.45294867261717,1.7836544410009454,-0.3370988614525791,-17.716553701074137
-0.4471542040022997,0.17564889316245652,-15.189039223867272,2.0659163815886883,-0.36447435843302634,-20.517156591110908
-1.3030133848218834,0.16352992127501642,-11.672543899457652,2.2276594259439233,-0.34881608562501415,-23.22330016811349
-1.2806474014893323,0.18854319454257407,-11.283494663910545,2.2792928772025487,-0.29390897857245657,-24.42953068347273
-0.9820873997678925,-0.2738320942429095,-7.528194916377219,2.8668908178617625,-0.31760024348823546,-26.123920319763617
-0.9150979996852473,1.0918286127250023,-9.450304705992382,3.26889028441037,-0.39619157573212876,-27.163125913725498
-1.4108085338117224,0.027186636773334844,-12.948968576418517,3.3163288057691642,-0.39484987445666786,-27.537424459146315
-1.533464585574375,-0.0714783936329791,-13.244683399210514,3.2703023013140142,-0.3682771252804674,-28.123045734827382
-1.7013068095273685,-0.015608658660711363,-12.994129506908148,3.059833644301371,-0.27198296586404785,-28.594627432137134
-0.7899995856464713,-0.08094928032456772,-14.321591662098285,3.019118419595806,-0.2765230914318888,-28.779341856260082
-1.5935327516382152,-0.24078970133847744,-11.137509379548897,2.937525574651492,-0.2217428038059787,-29.029289331208222
-1.4350533595341306,-0.12420061568196326,-13.326193026517466,2.9133864168966443,-0.188445986265959,-29.15236288505233
-0.42281112259915987,0.08554308581110254,-14.885773128809783,2.933162637303013,-0.18219934690981082,-29.19533196399144
-1.5213173836319758,-0.3053403542132501,-11.489360029714042,2.96072834679532,-0.16207175691218,-29.231196389896173
-0.5545241841960614,0.04543861144994463,-14.672738263512585,2.8154274255438736,-0.1658057535698179,-28.871502226209333
-0.5684060078982663,0.10967338068183446,-14.511699788668405,2.2872758824441197,-0.10295082543408163,-26.96798094640581
-0.6142565628670548,0.1927240441064906,-14.152007056832689,1.5525998648170005,0.014139346255796843,-25.357859732040154
-1.4111141823686877,-0.018715490593505534,-13.488675676129459,-0.5661522091719334,0.2877999542446273,-21.37476785655608
-0.43026270557643376,0.14778540810824123,-14.632507385939483,-2.9873291356698566,0.44943741383267943,-16.398453964210415
-1.5517631460166832,-0.20988043228064537,-10.823135742183705,-4.262551770232287,0.7719852556432549,-10.870051925415387
-1.5757992628031576,-0.09333907495385878,-12.313484574512826,-4.644066889916171,0.9772746265275177,-8.454665583444518
-1.029851708089985,-0.02493989414497285,-14.237632748942909,-4.840276342254695,1.1662333534281535,-4.914369633517505
-1.5892418383923586,-0.22755899480615707,-10.093142005606653,-4.3747480931960805,1.3368788143003438,-2.8534290877297512
-0.6552572002581138,0.24468399076391845,-13.954834018165483,-4.26839087364754,1.3285779879242297,-2.170739477923862
-1.7248887791564338,0.17786633864327345,-11.97283659600326,-4.318764232898979,1.4931650977104614,-1.1286648320396822
-0.30126231356032973,0.49671393375270084,-13.213621192774912,-4.163845706399607,1.6429821496014576,-0.19968272769601325
-1.1926400798196068,-0.17473090020733031,-13.597479085984606,-4.088658865251879,1.673765483320397,0.17713306351130348
-1.4614291841416216,-0.07907918214749605,-11.814476955482586,-4.09319977403674,1.7307664111140404,0.6940589565730368
-1.5904812268560744,-0.008812177612398598,-12.336824560679846,-4.089881353741208,1.7186549063260055,1.1216367248738857
-0.5042178121955286,0.21672043923402287,-13.95550338311582,-4.0850844850499595,1.718243002586879,1.2911874571773152
-1.3996581051467925,-0.323364564573887,-12.127420830686326,-3.9911936496539546,1.7224921101281192,1.432246543363055
-1.5817755757164809,0.00532765863511064,-11.22331864522773,-3.8917286399131314,1.7042219563646963,1.4900441450282478
-0.6813056234494494,0.23811573424971144,-13.96039324757921,-3.9000381906004984,1.7145962188322006,1.5436893977135526
